care_setting,specialty_category,count,mean,median,std
Community,unknown,398819,37.61849360236097,28.0,37.8862651001317
VA,unknown,788763,33.27593079289977,24.0,35.29633333914871
